nohaelprince@uwaterloo.ca, 01-05-2014
nohaelprince@uwaterloo.ca, 01-05-2014
nohaelprince@uwaterloo.ca, 01-05-2014
nohaelprince@gmail.com, 01-05-2014
xyz@gmail.com, 01-05-2014
def@gmail.com, 01-05-2014
abc@hotmail.com, 01-05-2014
coco@gmail.com, 01-05-2014
snow@anonymous.com, 01-05-2014
snow@anonymous.com, 01-05-2014
snow@anonymous.com, 01-05-2014
snow@anonymous.com, 01-05-2014
coco@wawa.com, 01-05-2014
nono@wawa.com, 01-05-2014
abc@hotmail.com, 30-04-2014
abc@hotmail.com, 30-04-2014
abc@hotmail.com, 30-04-2014
abc@hotmail.com, 30-04-2014
nohaelprince@gmail.com, 30-04-2014
xyz@gmail.com, 30-04-2014
def@gmail.com, 30-04-2014
nohaelprince@gmail.com, 30-04-2014
xyz@gmail.com, 30-04-2014
def@gmail.com, 30-04-2014
nohaelprince@uwaterloo.ca, 30-04-2014
nohaelprince@uwaterloo.ca, 30-04-2014
nohaelprince@uwaterloo.ca, 30-04-2014
nono@uwaterloo.ca, 30-04-2014
lulu@wawa.com, 30-04-2014
coco@wawa.com, 30-04-2014
snow@anonymous.com, 01-04-2014
snow@anonymous.com, 01-04-2014
snow@anonymous.com, 01-04-2014
snow@anonymous.com, 01-04-2014
snow@anonymous.com, 01-04-2014
snow@anonymous.com, 01-04-2014
snow@anonymous.com, 01-04-2014
snow@anonymous.com, 01-04-2014
snow@anonymous.com, 01-04-2014
xyz@gmail.com, 31-05-2014
def@gmail.com, 31-05-2014
nohaelprince@gmail.com, 31-05-2014
abc@hotmail.com, 31-05-2014
abc@hotmail.com, 31-05-2014
coco@gmail.com, 31-05-2014
xyz@gmail.com, 31-05-2014
def@gmail.com, 31-05-2014
xyz@gmail.com, 31-05-2014
def@gmail.com, 31-05-2014
abc@hotmail.com, 31-05-2014
coco@wawa.com, 31-05-2014
nono@wawa.com, 31-05-2014
lulu@wawa.com, 31-05-2014
snow@anonymous.com, 31-05-2014
snow@anonymous.com, 31-05-2014
snow@anonymous.com, 31-05-2014
snow@anonymous.com, 31-05-2014
snow@anonymous.com, 31-05-2014
snow@anonymous.com, 31-05-2014
snow@anonymous.com, 31-05-2014
snow@anonymous.com, 31-05-2014
nohaelprince@uwaterloo.ca, 31-05-2014
nohaelprince@uwaterloo.ca, 31-05-2014
nohaelprince@uwaterloo.ca, 31-05-2014
nohaelprince@uwaterloo.ca, 31-05-2014
nohaelprince@uwaterloo.ca, 31-05-2014
nohaelprince@newdomain.ca, 31-05-2014
nohaelprince@newdomain.ca, 31-05-2014
